inventory_id,product_id,warehouse_id,stock_available,reorder_level,last_restock_date
I0001,P001,W001,152,30,2026-05-04
I0002,P002,W001,485,97,2026-05-03
I0003,P003,W001,398,79,2026-04-27
I0004,P004,W001,320,64,2026-05-09
I0005,P005,W001,156,31,2026-04-20
I0006,P006,W001,101,20,2026-04-21
I0007,P007,W001,218,43,2026-04-13
I0008,P008,W001,50,10,2026-04-23
I0009,P009,W001,132,26,2026-05-08
I0010,P010,W001,151,30,2026-04-28
I0011,P011,W001,264,52,2026-04-25
I0012,P012,W001,380,76,2026-05-10
I0013,P013,W001,137,27,2026-04-26
I0014,P014,W001,422,84,2026-05-12
I0015,P015,W001,149,29,2026-04-30
I0016,P016,W001,389,77,2026-04-19
I0017,P017,W001,181,36,2026-04-24
I0018,P018,W001,160,32,2026-05-05
I0019,P019,W001,179,35,2026-04-17
I0020,P020,W001,338,67,2026-04-25
I0021,P021,W001,443,88,2026-04-29
I0022,P022,W001,591,118,2026-04-23
I0023,P023,W001,513,102,2026-05-08
I0024,P024,W001,485,97,2026-05-05
I0025,P025,W001,291,58,2026-04-26
I0026,P026,W001,306,61,2026-05-07
I0027,P027,W001,190,38,2026-05-03
I0028,P028,W001,343,68,2026-05-02
I0029,P029,W001,51,10,2026-05-07
I0030,P030,W001,282,56,2026-04-25
I0031,P001,W002,285,57,2026-05-08
I0032,P002,W002,394,78,2026-04-25
I0033,P003,W002,98,19,2026-04-18
I0034,P004,W002,108,21,2026-04-22
I0035,P005,W002,219,43,2026-04-13
I0036,P006,W002,217,43,2026-04-30
I0037,P007,W002,300,60,2026-04-17
I0038,P008,W002,219,43,2026-04-25
I0039,P009,W002,204,40,2026-05-07
I0040,P010,W002,80,16,2026-05-09
I0041,P011,W002,413,82,2026-05-08
I0042,P012,W002,104,20,2026-04-29
I0043,P013,W002,293,58,2026-05-03
I0044,P014,W002,369,73,2026-04-18
I0045,P015,W002,180,36,2026-04-21
I0046,P016,W002,336,67,2026-05-04
I0047,P017,W002,164,32,2026-04-27
I0048,P018,W002,50,10,2026-05-09
I0049,P019,W002,358,71,2026-05-08
I0050,P020,W002,196,39,2026-05-01
I0051,P021,W002,373,74,2026-05-03
I0052,P022,W002,487,97,2026-04-28
I0053,P023,W002,700,140,2026-04-15
I0054,P024,W002,415,83,2026-04-26
I0055,P025,W002,113,22,2026-04-19
I0056,P026,W002,271,54,2026-05-04
I0057,P027,W002,294,58,2026-04-14
I0058,P028,W002,375,75,2026-04-18
I0059,P029,W002,82,16,2026-05-05
I0060,P030,W002,369,73,2026-04-25
I0061,P001,W003,141,28,2026-04-27
I0062,P002,W003,416,83,2026-05-09
I0063,P003,W003,493,98,2026-05-03
I0064,P004,W003,477,95,2026-04-15
I0065,P005,W003,313,62,2026-04-29
I0066,P006,W003,64,12,2026-05-07
I0067,P007,W003,235,47,2026-04-29
I0068,P008,W003,110,22,2026-05-10
I0069,P009,W003,79,15,2026-04-22
I0070,P010,W003,389,77,2026-05-11
I0071,P011,W003,437,87,2026-04-27
I0072,P012,W003,51,10,2026-04-21
I0073,P013,W003,439,87,2026-05-12
I0074,P014,W003,103,20,2026-04-14
I0075,P015,W003,155,31,2026-05-12
I0076,P016,W003,289,57,2026-04-23
I0077,P017,W003,339,67,2026-04-26
I0078,P018,W003,220,44,2026-04-20
I0079,P019,W003,247,49,2026-04-17
I0080,P020,W003,73,14,2026-04-26
I0081,P021,W003,261,52,2026-05-08
I0082,P022,W003,301,60,2026-04-25
I0083,P023,W003,369,73,2026-05-06
I0084,P024,W003,370,74,2026-05-10
I0085,P025,W003,555,111,2026-04-15
I0086,P026,W003,244,48,2026-04-17
I0087,P027,W003,281,56,2026-04-30
I0088,P028,W003,219,43,2026-05-01
I0089,P029,W003,325,65,2026-04-27
I0090,P030,W003,242,48,2026-04-23
I0091,P001,W004,257,51,2026-04-20
I0092,P002,W004,286,57,2026-05-05
I0093,P003,W004,387,77,2026-05-03
I0094,P004,W004,416,83,2026-05-08
I0095,P005,W004,102,20,2026-04-28
I0096,P006,W004,309,61,2026-05-04
I0097,P007,W004,246,49,2026-04-16
I0098,P008,W004,281,56,2026-04-25
I0099,P009,W004,217,43,2026-04-30
I0100,P010,W004,70,14,2026-04-29
I0101,P011,W004,206,41,2026-05-02
I0102,P012,W004,64,12,2026-04-14
I0103,P013,W004,350,70,2026-04-16
I0104,P014,W004,114,22,2026-04-23
I0105,P015,W004,394,78,2026-04-17
I0106,P016,W004,356,71,2026-04-22
I0107,P017,W004,38,7,2026-04-22
I0108,P018,W004,373,74,2026-04-19
I0109,P019,W004,158,31,2026-04-16
I0110,P020,W004,165,33,2026-04-29
I0111,P021,W004,571,114,2026-05-10
I0112,P022,W004,162,32,2026-04-27
I0113,P023,W004,238,47,2026-04-25
I0114,P024,W004,598,119,2026-04-16
I0115,P025,W004,692,138,2026-05-03
I0116,P026,W004,192,38,2026-04-19
I0117,P027,W004,318,63,2026-04-21
I0118,P028,W004,290,58,2026-04-18
I0119,P029,W004,260,52,2026-04-15
I0120,P030,W004,70,14,2026-04-23
I0121,P001,W005,77,15,2026-04-19
I0122,P002,W005,184,36,2026-05-01
I0123,P003,W005,250,50,2026-05-12
I0124,P004,W005,377,75,2026-05-04
I0125,P005,W005,317,63,2026-05-10
I0126,P006,W005,62,12,2026-04-25
I0127,P007,W005,77,15,2026-04-23
I0128,P008,W005,91,18,2026-04-20
I0129,P009,W005,245,49,2026-04-27
I0130,P010,W005,322,64,2026-04-17
I0131,P011,W005,148,29,2026-05-12
I0132,P012,W005,221,44,2026-05-05
I0133,P013,W005,409,81,2026-05-11
I0134,P014,W005,263,52,2026-04-23
I0135,P015,W005,84,16,2026-05-08
I0136,P016,W005,256,51,2026-05-04
I0137,P017,W005,130,26,2026-04-15
I0138,P018,W005,160,32,2026-05-02
I0139,P019,W005,286,57,2026-04-20
I0140,P020,W005,34,6,2026-05-12
I0141,P021,W005,317,63,2026-04-14
I0142,P022,W005,602,120,2026-04-26
I0143,P023,W005,497,99,2026-04-23
I0144,P024,W005,492,98,2026-04-26
I0145,P025,W005,306,61,2026-04-23
I0146,P026,W005,44,8,2026-04-30
I0147,P027,W005,375,75,2026-05-12
I0148,P028,W005,71,14,2026-05-05
I0149,P029,W005,208,41,2026-04-23
I0150,P030,W005,92,18,2026-05-02
I0151,P001,W006,401,80,2026-04-21
I0152,P002,W006,280,56,2026-04-30
I0153,P003,W006,290,58,2026-04-21
I0154,P004,W006,101,20,2026-05-07
I0155,P005,W006,145,29,2026-05-12
I0156,P006,W006,251,50,2026-04-26
I0157,P007,W006,260,52,2026-04-30
I0158,P008,W006,266,53,2026-05-08
I0159,P009,W006,172,34,2026-04-21
I0160,P010,W006,200,40,2026-05-05
I0161,P011,W006,78,15,2026-04-27
I0162,P012,W006,85,17,2026-04-15
I0163,P013,W006,62,12,2026-04-21
I0164,P014,W006,209,41,2026-04-18
I0165,P015,W006,376,75,2026-04-29
I0166,P016,W006,216,43,2026-05-12
I0167,P017,W006,272,54,2026-05-09
I0168,P018,W006,115,23,2026-04-28
I0169,P019,W006,313,62,2026-05-07
I0170,P020,W006,95,19,2026-05-08
I0171,P021,W006,781,156,2026-05-07
I0172,P022,W006,656,131,2026-04-29
I0173,P023,W006,673,134,2026-05-10
I0174,P024,W006,745,149,2026-04-18
I0175,P025,W006,127,25,2026-05-07
I0176,P026,W006,137,27,2026-05-08
I0177,P027,W006,73,14,2026-04-29
I0178,P028,W006,369,73,2026-05-03
I0179,P029,W006,315,63,2026-04-22
I0180,P030,W006,360,72,2026-04-27
I0181,P001,W007,177,35,2026-04-16
I0182,P002,W007,397,79,2026-04-24
I0183,P003,W007,280,56,2026-04-27
I0184,P004,W007,239,47,2026-05-06
I0185,P005,W007,274,54,2026-04-27
I0186,P006,W007,312,62,2026-04-18
I0187,P007,W007,150,30,2026-05-06
I0188,P008,W007,145,29,2026-04-25
I0189,P009,W007,262,52,2026-05-09
I0190,P010,W007,288,57,2026-05-09
I0191,P011,W007,408,81,2026-04-27
I0192,P012,W007,247,49,2026-04-18
I0193,P013,W007,460,92,2026-04-25
I0194,P014,W007,186,37,2026-05-06
I0195,P015,W007,367,73,2026-05-01
I0196,P016,W007,194,38,2026-04-20
I0197,P017,W007,254,50,2026-04-14
I0198,P018,W007,336,67,2026-05-05
I0199,P019,W007,263,52,2026-04-21
I0200,P020,W007,201,40,2026-04-25
I0201,P021,W007,763,152,2026-04-13
I0202,P022,W007,473,94,2026-05-07
I0203,P023,W007,771,154,2026-05-10
I0204,P024,W007,707,141,2026-05-06
I0205,P025,W007,571,114,2026-04-30
I0206,P026,W007,262,52,2026-04-17
I0207,P027,W007,209,41,2026-05-11
I0208,P028,W007,142,28,2026-04-15
I0209,P029,W007,347,69,2026-04-30
I0210,P030,W007,81,16,2026-04-20
I0211,P001,W008,317,63,2026-04-18
I0212,P002,W008,344,68,2026-05-08
I0213,P003,W008,435,87,2026-04-28
I0214,P004,W008,436,87,2026-05-05
I0215,P005,W008,162,32,2026-05-12
I0216,P006,W008,130,26,2026-05-12
I0217,P007,W008,142,28,2026-04-30
I0218,P008,W008,110,22,2026-05-04
I0219,P009,W008,216,43,2026-04-27
I0220,P010,W008,142,28,2026-04-14
I0221,P011,W008,51,10,2026-04-28
I0222,P012,W008,179,35,2026-05-06
I0223,P013,W008,269,53,2026-04-17
I0224,P014,W008,103,20,2026-04-14
I0225,P015,W008,392,78,2026-04-30
I0226,P016,W008,253,50,2026-04-15
I0227,P017,W008,254,50,2026-05-03
I0228,P018,W008,155,31,2026-04-19
I0229,P019,W008,159,31,2026-05-01
I0230,P020,W008,82,16,2026-04-19
I0231,P021,W008,783,156,2026-04-14
I0232,P022,W008,771,154,2026-04-25
I0233,P023,W008,515,103,2026-04-14
I0234,P024,W008,346,69,2026-04-17
I0235,P025,W008,538,107,2026-05-10
I0236,P026,W008,232,46,2026-05-01
I0237,P027,W008,213,42,2026-05-04
I0238,P028,W008,152,30,2026-05-07
I0239,P029,W008,284,56,2026-05-02
I0240,P030,W008,323,64,2026-05-09
I0241,P001,W009,329,65,2026-04-20
I0242,P002,W009,374,74,2026-05-08
I0243,P003,W009,421,84,2026-04-17
I0244,P004,W009,147,29,2026-04-14
I0245,P005,W009,247,49,2026-05-10
I0246,P006,W009,269,53,2026-05-12
I0247,P007,W009,173,34,2026-05-02
I0248,P008,W009,126,25,2026-05-06
I0249,P009,W009,230,46,2026-04-20
I0250,P010,W009,153,30,2026-04-26
I0251,P011,W009,236,47,2026-05-07
I0252,P012,W009,375,75,2026-04-30
I0253,P013,W009,398,79,2026-05-10
I0254,P014,W009,308,61,2026-04-20
I0255,P015,W009,197,39,2026-04-27
I0256,P016,W009,281,56,2026-05-04
I0257,P017,W009,375,75,2026-05-07
I0258,P018,W009,176,35,2026-04-20
I0259,P019,W009,177,35,2026-04-24
I0260,P020,W009,381,76,2026-04-16
I0261,P021,W009,588,117,2026-05-07
I0262,P022,W009,739,147,2026-05-01
I0263,P023,W009,650,130,2026-05-08
I0264,P024,W009,437,87,2026-04-24
I0265,P025,W009,740,148,2026-04-26
I0266,P026,W009,296,59,2026-04-29
I0267,P027,W009,180,36,2026-05-02
I0268,P028,W009,327,65,2026-04-27
I0269,P029,W009,128,25,2026-05-10
I0270,P030,W009,292,58,2026-04-15
I0271,P001,W010,301,60,2026-04-15
I0272,P002,W010,193,38,2026-05-06
I0273,P003,W010,395,79,2026-05-12
I0274,P004,W010,161,32,2026-05-01
I0275,P005,W010,109,21,2026-04-28
I0276,P006,W010,398,79,2026-04-15
I0277,P007,W010,31,6,2026-04-19
I0278,P008,W010,333,66,2026-05-04
I0279,P009,W010,283,56,2026-05-02
I0280,P010,W010,169,33,2026-04-22
I0281,P011,W010,86,17,2026-05-05
I0282,P012,W010,209,41,2026-04-27
I0283,P013,W010,58,11,2026-04-22
I0284,P014,W010,282,56,2026-05-04
I0285,P015,W010,148,29,2026-04-26
I0286,P016,W010,176,35,2026-04-23
I0287,P017,W010,333,66,2026-04-26
I0288,P018,W010,237,47,2026-04-30
I0289,P019,W010,160,32,2026-04-16
I0290,P020,W010,181,36,2026-04-14
I0291,P021,W010,153,30,2026-04-24
I0292,P022,W010,219,43,2026-04-15
I0293,P023,W010,772,154,2026-04-30
I0294,P024,W010,727,145,2026-04-26
I0295,P025,W010,686,137,2026-04-26
I0296,P026,W010,142,28,2026-04-14
I0297,P027,W010,133,26,2026-04-20
I0298,P028,W010,369,73,2026-04-30
I0299,P029,W010,283,56,2026-05-09
I0300,P030,W010,256,51,2026-05-10
